{"cameraMode":{"drawMode":0,"name":"Shaded","section":"Shading Mode"},"sceneLighting":true,"audioPlay":false,"sceneViewState":{"m_AlwaysRefresh":false,"showFog":true,"showSkybox":true,"showFlares":true,"showImageEffects":true,"showParticleSystems":true,"showVisualEffectGraphs":true,"m_FxEnabled":true},"in2DMode":false,"pivot":{"x":-0.6184502840042114,"y":2.033773422241211,"z":-0.08429223299026489},"rotation":{"x":-0.06896567344665528,"y":0.6667975783348084,"z":-0.06219141185283661,"w":-0.7394260168075562},"size":1.755907416343689,"orthographic":false}